item_id|title|subtitle|categories|author_name|image_url|description
B0019LNUVA|ROLLING THUNDER: An Historical Novel of War and Politics (Wings of War Book 1)|Kindle Edition|[  Literature & Fiction]|Mark Berent|https://m.media-amazon.com/images/I/519YUR0HNdL.jpg|"[Review, '""A taut, exciting tale of good men in abad war. Berent is the real thing."" --- Tom Clancy ""Rolling Thunder is terrific - a novel of exceptional authenticity thathits like a thunderclap. A decorated Vietnam pilot, Mark Berent knows planesand men and battle, and he whirls them around in a story of uncommonstrength."" W.E.B GriffinFrom Publishers WeeklyBerent is a decorated Air Force pilot who served three toursin Vietnam. His first novel is structured around the yearlong tours of duty of "
B076FNQWTF|The Girl Who Lived: A Thrilling Suspense Novel|Kindle Edition|[  Literature & Fiction]|Christopher Greyson|https://m.media-amazon.com/images/I/51eAMQG-GkL.jpg|"[Review, 'Praise for Christopher Greyson\'s', The Girl Who Lived, Gold Medal Winner for Best Mystery/Thriller ebook of the Year, -- 2018 Independent Publisher Book Awards, Winner Best Thriller, -- 2018 National Indie Excellence Awards, Voted Most Loved Cover, -- NetGalley Readers, Grab your copy of this highly-acclaimed thriller today!, '""Greyson is a master of weaving suspense and keeping the reader guessing..."" -- NetGalley Review  ""The plot turns come fast and furious... Sharp characters enme"
B00FN2KR2G|The Gordonston Ladies Dog Walking Club|Kindle Edition|[  Literature & Fiction]|Duncan Whitehead|https://m.media-amazon.com/images/I/51wa4udcDjL.jpg|[About the Author, 'The life of Duncan Whitehead, winner of the 2013 Reader’s Favorite International Book Award and Gold Medalist, is as quirky as his works. Born in 1967, he served in the Royal Navy in embassies across South America and was an amateur boxer. He worked as a purser on some of the world’s largest super yachts and visited many exotic places. He’s also an instructor of English as a foreign language, fluent in Spanish, and a children’s soccer coach.', 'Duncan retired to Savannah, Geo
B00QXUN5Y4|Royal Date (The Royals of Monterra Book 1)|Kindle Edition|[  Literature & Fiction]|Sariah Wilson|https://m.media-amazon.com/images/I/51B5uYHUaaL.jpg|[]
B078JDQ9BH|Defending Allye (Mountain Mercenaries Book 1)|Kindle Edition|[  Romance]|Susan Stoker|https://m.media-amazon.com/images/I/51ET9v-RXOL.jpg|[From the Author, 'Mountain MercenariesDefending AllyeDefending ChloeDefending MorganDefending HarlowDefending EverlyDefending ZaraDefending RavenSEAL of Protection: LegacySecuring CaiteSecuring Brenae (novella)Securing SidneySecuring PiperSecuring ZoeySecuring AverySecuring KaleeSecuring JaneSEAL Team HawaiiFinding ElodieFinding Lexie (Aug 2021)Finding Kenna (Oct 2021)Finding Monica (May 2022)Finding Carly (TBA)Finding Ashlyn (TBA)Finding Jodelle (TBA)Eagle Point Search & RescueSearching for Li
B07G8NTJVP|Thin Air (Jessica Shaw Book 1)|Kindle Edition|[  'Mystery, Thriller & Suspense']|Lisa Gray|https://m.media-amazon.com/images/I/41loP-2eVzL.jpg|[Review, “One of this year’s best new thrillers…”, —, Evening Standard, “You’ll find this one hard to put down.”, —, Daily Record, '“Lisa Gray explodes onto the literary stage with this taut, edge-of-the-seat thriller, and her headstrong protagonist Jessica Shaw, reminiscent of Lee Child’s Jack Reacher, delivers a serious punch.”', '—Robert Dugoni,', New York Times, bestselling author, “Mazey Los Angeles noir for fans of Sara Gran. I’m liking it a lot.”, '—Ian Rankin, bestselling author of the I
B083TZV25B|Credence|Kindle Edition|[  Literature & Fiction]|Penelope Douglas||"[Review, '""Surprisingly sexy and wickedly dirty."" -', 'Chelle Bliss, USA Today Bestselling Author', '""Credence is a sinfully delicious read packed with taboo goodness and fiery sex scenes sure to have you squeezing your thighs together.I didn\'t read this book, I devoured it."" -', 'Tabitha Vargo, New York TimesBestselling Author', '""It is, hands-down, Penelope\'s hottest book to date, but it\'s not ""just"" erotica. The writing is flawless and the imagery is magical.Credence packs an unexpected em"
B002H8ORMU|Moloka'i: A Novel|Kindle Edition|[  Literature & Fiction]|Alan Brennert|https://m.media-amazon.com/images/I/51lXOGfKfBL.jpg|[From Publishers Weekly, 'Compellingly original in its conceit, Brennert\'s sweeping debut novel tracks the grim struggle of a Hawaiian woman who contracts leprosy as a child in Honolulu during the 1890s and is deported to the island of Moloka\'i, where she grows to adulthood at the quarantined settlement of Kalaupapa. Rachel Kalama is the plucky, seven-year-old heroine whose family is devastated when first her uncle Pono and then she develop leprous sores and are quarantined with the disease. W
B0063VBFVI|Eleven: An absolutely heart-pounding and chilling serial killer thriller (Brandon Fisher FBI Series Book 1)|Kindle Edition|[  Literature & Fiction]|Carolyn Arnold|https://m.media-amazon.com/images/I/410QG1mMilS.jpg|[Review, From the Author, Brandon Fisher FBI Series, Serial killers. Profilers. The hunt is on., 'Heart-pounding psychological thrillers for readers fascinated with serial killers. Each installment is a new case with a fresh bloody trail to follow. Join FBI Special Agent Brandon Fisher and his team with the Behavioral Analysis Unit as they profile and hunt some of the most deviant and darkest minds on the planet. The team is stationed in Quantico, Virginia, but their mission to stop killers take
B004KKXWMO|Portrait of a Spy (Gabriel Allon Book 11)|Kindle Edition|[  Literature & Fiction]|No Disponible|https://m.media-amazon.com/images/I/51UseiOf9HL.jpg|[]
B010LU8V8Q|The Nest|Kindle Edition|[  Literature & Fiction]|'Cynthia D\'Aprix Sweeney'|https://m.media-amazon.com/images/I/51qfhcGc6oL.jpg|[Amazon.com Review, 'An Amazon Best Book of March 2016:', The Nest, 'is a debut novel about a dysfunctional New York family. That’s a pretty common subject for a novel and not very interesting in itself. But there’s magic that happens when you pick up a book, start reading and realize that what the author has chosen to write about—the places, the characters, the dialogue, the set pieces—they’re all just right. That’s how I felt reading this book.', The Nest, 'is not populated with characters who
B00DQ0ZS4E|The Atlantis Stone|Kindle Edition|[  Literature & Fiction]|Nick Thacker|https://m.media-amazon.com/images/I/61LtX4cS1KL.jpg|[Review, 'In 1791, two men began planning the layout for the nation\'s capital city. One is shunned and resigns in disgrace, and the other is all but forgotten. Years later, an original copy of the plans long thought to have been destroyed is found, with hastily marked notations by Thomas Jefferson and George Washington. During the second World War, American military scientists discover some fascinating properties of the hydrogen atom and its link to an ancient mystical number. The exact finding
B00FCQQ1IW|Be Careful What You Wish For: A Novel (Clifton Chronicles Book 4)|Kindle Edition|[  Literature & Fiction]|Jeffrey Archer||[From, Booklist, 'The Clifton Chronicles’ fourth volume takes the saga from the late 1950s to the mid-’60s. The book begins with a shocker: Harry and Emma’s son, Sebastian, is nearly killed in an automobile accident; his friend Bruno does die. It seems Sebastian was the intended target, and Bruno’s father, Don Pedro Martinez, who has a long and contentious history with the Cliftons (and who didn’t know his own son was in the car), is the likely culprit. If you don’t know who any of these people 
B00G3L1B8K|The Obstacle Is the Way: The Timeless Art of Turning Trials into Triumph|Kindle Edition|[  Business & Money]|Ryan Holiday|https://m.media-amazon.com/images/I/51XsK6hoTzL.jpg|"[Review, “The book on stoicism that’s taking the NFL by storm.”, –, Sports Illustrated, '""The best one I\'ve read. Ryan Holiday is brilliant. If I had read', The Obstacle Is the Way, 'sooner, a few things might have been different.""', '- Rory McIlroy,', 2x PGA Champion“Follow these precepts and you will revolutionize your life. Read this book!”—, Steven Pressfield, ', author of', The War of Art, and, Gates of Fire, “A book for the bedside of every future—and current—leader in the world.”—, Rober"
B08JMF22F2|Wintersteel (Cradle Book 8)|Kindle Edition|[  Science Fiction & Fantasy]|Will Wight|https://m.media-amazon.com/images/I/51oWcM0457L.jpg|[About the Author, Will Wight, 'lives in Florida, among the citrus fruits and slithering sea creatures. He\'s the author of the Amazon best-selling', Traveler’s Gate Trilogy, ',', The Elder Empire, '(which cleverly offers twice the fun and twice the work), and his newest series of mythical martial arts magic:', Cradle, '.He graduated from the University of Central Florida in 2013, earning a Master’s of Fine Arts in Creative Writing and a flute of dragon’s bone. He is also, apparently, invisible 
B06XTKBMWT|Glad One: Crazy is a Relative Term (Val Fremden Midlife Mysteries Book 1)|Kindle Edition|[  Literature & Fiction]|Margaret Lashley|https://m.media-amazon.com/images/I/51UNUhIMwGS.jpg|"[Review, #1 Amazon Best Seller in, 'Amateur Sleuths, Cozy Mystery, Humor & Satire, Women\'s Detective Fiction, Comedy,', 'Humorous Dark Comedy,', 'Men, Women & Relationships Humor, and Love, Sex & Marriage Humor', '.""A funny, frenetic, fantastic read! Every bit as entertaining and maybe more so that Stephanie Plum at her best.""', F Schloemer, '""Top Pick of the Day"" by', Book Adrenaline, '.""I could not put this book down for the life of me. Val and her pals are a real hoot. You will enjoy the rid"
B011LSLI9G|Him|Kindle Edition|[  Romance]|Elle Kennedy|https://m.media-amazon.com/images/I/41HxHKKszfL.jpg|"[Review, '""I read HIM in one sitting--it\'s so, so good! If I had to pick two authors who I\'d have team up, it would be Bowen and Kennedy"" --', #1 New York Times bestselling author Colleen Hoover, '""HIM is my favorite read of 2015!  Hot, sexy, romantic, funny, and full of heart. I LOVED Jamie and Wes!"" --', NYT Bestselling Author Lauren Blakely, '""The way that Sarina Bowen and Elle Kennedy spun the tale of these two men falling and staying in love was absolutely timeless and beautifully real.""'"
B0087G3U92|Captured (The Captive Series Book 1)|Kindle Edition|[  Teen & Young Adult]|Erica Stevens||[About the Author, 'Erica Stevens is the author of the Captive Series, Kindred Series, Fire & Ice Series, Ravening Series, and the Survivor Chronicles. She enjoys writing young adult, new adult, romance, horror, and science fiction. She also writes adult paranormal romance and historical romance under the pen name, Brenda K. Davies. When not out with friends and family, she is at home with her husband, dog, and horse.']
B09C6LW4XW|The Perfect Marriage: A Completely Gripping Psychological Suspense|Kindle Edition|[  Literature & Fiction]|Jeneva Rose|https://m.media-amazon.com/images/I/411Ks+eZOqL.jpg|[About the Author, Jeneva Rose is the Amazon Charts bestselling author of, The, Perfect, Marriage, and, One of Us is Dead, '. Her work has been translated into more than a dozen languages and optioned for film/tv. Originally from Wisconsin, she currently lives in Chicago with her husband, Drew, and her English bulldog, Winston.', From the Author, 'Dear Reader,I hope you loved', The Perfect Marriag, 'e and if you did, I would be forever grateful if you could write a review. I\'d love to hear what
B009NNL8EC|A View to Die For (Books to Die For Book 1)|Kindle Edition|[  'Mystery, Thriller & Suspense']|Richard Houston|https://m.media-amazon.com/images/I/51T2wjMLWOL.jpg|"[Review, '""This is quite simply one of the bestbooks I\'ve read in a long time. I absolutely loved it. While I know the Ozarksand Colorado well, it certainly isn\'t necessary for the reader to haveknowledge of those areas because of the superb dialogue, the plot, and theauthor\'s obvious love for animals. Fred is a wonderful character. And yes, myhusband has also given a little beer here and there to our dogs over the years!When you pick this book up, better create a little time to devote to the"
B00E3FFX0K|Dark Space (Book 2): The Invisible War|Kindle Edition|[  Science Fiction & Fantasy]|Jasper T. Scott|https://m.media-amazon.com/images/I/5156dIzbGHL.jpg|[From the Author, 'Author\'s Content Rating:', PG-13, 'Relatability/Target Audience:', 'Adult, but should appeal to / be suitable for all ages', 'Details:', 'Swearing: made-up euphemisms onlySex: PG-13Violence: non-graphic', 'Author\'s Guarantee:', 'If you find anything you consider inappropriate for this rating, please e-mail me at JasperTscott@gmail.com and I will either remove the content or change the rating accordingly.', About the Author, 'Join the author\'s newsletter to get discounts, pa
B001I45UF2|The Magician's Nephew (Chronicles of Narnia Book 1)|Kindle Edition|[  'Children\'s eBooks']|C.S. Lewis|https://m.media-amazon.com/images/I/51KCv9XrR2L.jpg|[Review, ., From the Back Cover, 'Narnia … where the woods are thick and cool, where Talking Beasts are called to life … a new world where the adventure begins. Digory and Polly meet and become friends one cold, wet summer in London. Their lives burst into adventure when Digory\'s Uncle Andrew, who thinks he is a magician, sends them hurtling to … somewhere else. They find their way to Narnia, newborn from the Lion\'s song, and encounter the evil sorceress Jadis before they finally return home.'
B00LEWR0SS|13 Hours: The Inside Account of What Really Happened In Benghazi|Kindle Edition|[  History]|Mitchell Zuckoff|https://m.media-amazon.com/images/I/51Fqa6xp4SL.jpg|"[Review, '""A crisply written, gripping narrative of the events of the battle in Benghazi that adds considerable detail to the public record of what happened there...[an] authoritative account.""―', The Wall Street Journal, '""A great number of journalists and government instrumentalities have tilted at Benghazi...All of those efforts look fragmentary when placed side-by-side with 13 HOURS.""―', The Washington Post, '""13 HOURS provide(s) a moving reminder of the sacrifice made by these men who had v"
B006WEZ9TK|Shadow of Night: A Novel (All Souls Trilogy, Book 2)|Kindle Edition|[  'Mystery, Thriller & Suspense']|No Disponible|https://m.media-amazon.com/images/I/51bL65YVIYL.jpg|[]
B00I3QS1XQ|Unlimited Memory: How to Use Advanced Learning Strategies to Learn Faster, Remember More and be More Productive|Kindle Edition|[  Education & Teaching]|Kevin Horsley|https://m.media-amazon.com/images/I/511xUPpCgOL.jpg|[About the Author, 'For over 25 years, Kevin Horsley has been analyzing the mind and memory and its capacity for brilliance. He is one of only a few people in the world to have received the title of International Grandmaster of Memory. He is a World Memory Championship medalist, and a two-time World Record holder for The Everest of memory tests. Kevin is also an author of four books, and the designer of a mathematics game with the Serious Games Institute at North-West University Vaal Campus.His 
B01BVD40HS|The Eagle Tree|Kindle Edition|[  Literature & Fiction]|Ned Hayes|https://m.media-amazon.com/images/I/51Q49aNyE9L.jpg|[Review, '“Every human experience is unique, but', The Eagle Tree, provides insight into one distinctive and uniquely important perspective. The descriptions in climbing the Eagle Tree gets deep into the mathematical pattern–based sensory world of a person with autism. The experience of navigating a tree climb is described in detail with mathematical and sensory detail that seems very authentic to me.”, '—Temple Grandin, Ph.D., author of', Thinking in Pictures, and, 'Emergence: Labeled Autistic'
B007SAKW9E|Mail Order Millie (Homespun Book 1)|Kindle Edition|[  Religion & Spirituality]|Katie Crabapple|https://m.media-amazon.com/images/I/51yYzsMwQGL.jpg|[From the Author, 'This is the first book in the Homespun series.  The second book is Sleigh Ride.  The third, Teaching Patience, is now available.']
B005NY4QGM|The Color Purple||[  Literature & Fiction]|Alice Walker|https://m.media-amazon.com/images/I/51GuBnaCPeL.jpg|[Review, “, The Color Purple, is an American novel of permanent importance.” —, Newsweek, “, The Color Purple, 'is about the struggle between redemption and revenge. And the chief agency of redemption, Walker is saying, is the strength of the relationships between women: their friendships, their love, their shared expression.” —', The Nation, “Intense emotional impact . . . indelibly affecting.” —, The New York Times Book Review, “Superb . . . A work to stand beside literature of any time and pl
B01MRTK9NF|The Crimson Queen (The Raveling Book 1)||[  Science Fiction & Fantasy]|Alec Hutson|https://m.media-amazon.com/images/I/513ypbuPzCL.jpg|"[Review, '""If you\'re looking for the next big thing in epic fantasy . . . then look no further.""', '- Will Wight, bestselling author of', Unsouled, and, Blackflame, '""', 'Fresh, imaginative fantasy.', The Crimson Queen, 'introduces a world filled with powerful magic, clashing cultures, and epic conflicts. I couldn\'t put it down, and I can\'t wait to see where Alec Hutson takes this next.', '"" - AC Cobble, bestselling author of', Benjamin Ashwood, '""Imagine the best of Robert Jordan\'s worldbui"
B017AFRNM0|Elementals: The Prophecy of Shadows|Kindle Edition|[  Teen & Young Adult]|Michelle Madow|https://m.media-amazon.com/images/I/51spH+0h6AL.jpg|"[Review, '""I haven\'t loved a book this much since I read Rick Riordan\'s books!""', '-Mark, Amazon Reviewer', '★★★★★ ""A perfect mixture of magic and mythology. An entrancing story of trust, friendship and well naughty boys. WITCHES are not the only thing walking the earth!""', '-BenjaminOfTomes, BookTuber', '★★★★★""Elementals gives Percy Jackson a run for its money! It has everything - humor, adventure, friendship, mystery, and even a bit of romance.""', -Ana Loves Reviews, '★★★★★""They weren\'t jok"
B00TE99CY8|Hidden Deep: Book 1 of The Hidden Saga|Kindle Edition|[  Teen & Young Adult]|Amy Patrick|https://m.media-amazon.com/images/I/5192ANP6LML.jpg|"[Review, '""I was immediately drawn to the cool, quiet tranquility of the woods. The details jumped off the page in deep green leaves and cold clear water. Then Lad and Ryann swept me right off my feet... I was glad that I started Hidden Deep on a Friday so that I could read straight through the night into the breaking hours of dawn. It ended way too quickly. I hope the continuation will be out soon. I will be making plans for another Friday night lost in the world of Lad and Ryann."" -', AJ- Bitt"
B078MC547V|All Your Perfects: A Novel|Kindle Edition|[  Literature & Fiction]|Colleen Hoover|https://m.media-amazon.com/images/I/41HxQfPYJGL.jpg|"[Review, '""Colleen Hoover returns with an emotionally raw page-turner."" -- Jamie Blynn, Us Weekly""Intimate and raw."" —', USA Today, '""Heart-wrenching...another fantastic read."" —', Bustle, '“Half-adorable, half gut-wrenching—and wholly a great read. Hoover captures the amazing side of a happy marriage, while at the same time connecting with the struggles of having one’s expectation of \'the perfect life\' not being met.”  —', 'Library Journal (starred review)', '""With a deft hand, Colleen Hoover"
B07QDNZ1V2|Shadowspell Academy: Culling Trials (Book 3)|Kindle Edition|[  Teen & Young Adult]|Shannon Mayer|https://m.media-amazon.com/images/I/513oUBanqcL.jpg|[]
B00OQSF6EW|The Sound of Glass|Kindle Edition|[  Literature & Fiction]|Karen White|https://m.media-amazon.com/images/I/51oeLGJgAiL.jpg|[Review, Praise for, The Sound of Glass, '“From the mysterious events of the first chapter to the heart-rending revelations of the last, Karen White paints a vivid portrait of a family filled with secrets, strife and—ultimately—love. I adore Karen’s stories and', The Sound of Glass, may well be my new favorite.”—, USA Today, 'bestselling author Diane Chamberlain   “Complex and emotionally rich, Karen White’s', Sound of Glass, 'will linger in the reader’s heart long after the last page is turned.
B07DFWZP9C|Ghostwater (Cradle Book 5)|Kindle Edition|[  Science Fiction & Fantasy]|Will Wight|https://m.media-amazon.com/images/I/61PxDE-HZAL.jpg|[About the Author, 'Will Wight is the author of the Traveler\'s Gate trilogy, the Elder Empire cycle, and the Cradle series, with other titles available in alternate dimensions. He can smell fear, taste anger, and hear joy. Will lives in Orlando, among the creatures of swamp and sea. He graduated from the University of Central Florida, where he received degrees in Creative Writing and Bear Surgery. Visit his website at www.WillWight.com for ancient knowledge, book news, and a deep sense of perso
B00AAGLVG6|He Loves Me, He Loves You Not|Kindle Edition|[  Literature & Fiction]|Mychea|https://m.media-amazon.com/images/I/518fGkTkfAL.jpg|[About the Author, 'A native of the Metropolitan of Washington, DC, Mychea (www.mychea.com) is the author of fiction novels Coveted (2010), Vengeance (2010), He Loves Me, He Loves You Not 1 (2012), He Loves Me, He Loves You Not 2 (2013), He Loves Me, He Loves You Not 3 (2014), My Boyfriend\'s Wife 1 (2014), He Loves Me, He Loves You Not 4 (2015) & He Loves Me, He Loves You Not 5 (2015), and My Boyfriend\'s Wife 2 (2016).Mychea is also a playwright and produces stage plays based off of her novels
B000UZNSN6|Born Standing Up: A Comic's Life|Kindle Edition|[  Biographies & Memoirs]|Steve Martin|https://m.media-amazon.com/images/I/41wY-r2ubCL.jpg|"[Review, '""Absolutely magnificent. One of the best books about comedy and being a comedian ever written."" - Jerry Seinfeld,', GQ, ...., About the Author, Steve Martin, 'is one of today\'s most talented performers. He has had huge success as a film actor, with such credits as', 'Cheaper by the Dozen, Father of the Bride, Roxanne, Parenthood, L.A. Story,', and many others. He has won Emmys for his television writing and two Grammys for his comedy albums. In addition to his bestselling novel, The P"
B0045UA66Y|The Twelfth Imam|Kindle Edition|[  Religion & Spirituality]|Joel C. Rosenberg|https://m.media-amazon.com/images/I/51xrVqzWSeL.jpg|[From Publishers Weekly, 'Bestseller Rosenberg (The Last Jihad) has carved out a deep niche in conservative political fiction, vividly sweeping from 1979 Iran during the hostage crisis to a world-threatening crisis in the present day. When a prophecy of the coming Mahdi, or 12th imam, is believed to have been fulfilled through a Muslim prophet, a nuclear attack is threatened by Iran against Israel to bring the end of days. Iranian-American CIA operative David Shirazi must infiltrate the Iranian 
B000UZNR32|Looking for Salvation at the Dairy Queen: A Novel|Kindle Edition|[  Literature & Fiction]|Susan Gregg Gilmore||"[Review, '""This is Susan Gregg Gilmore’s first novel, but her voice is similar to that of Fannie Flagg. Readers of Southern stories will enjoy the poignant self-discovery journey of this lovable heroine.""—', Tampa Tribune, '""Gilmore tells her tale with gentle humor and genuine regard for her characters.""—', Omaha World-Herald, '“If I had to make a comparison, I would compare Susan Gregg Gilmore to Fannie Flagg, but Gilmore more than holds her own. This is an unusually engaging novel by a very fi"
B002LATV16|One Second After (A John Matherson Novel Book 1)|Kindle Edition|[  Literature & Fiction]|William R. Forstchen|https://m.media-amazon.com/images/I/51QWrQ01RDL.jpg|"[Review, '""Civilization slides into the abyss of a new dark age in this horrifying apocalyptic novel.  Forstchen has put Bin Laden\'s wet dream on paper and, in the process, taken civilization straight to the rack.""--Stephen Coonts, author of', The Assassin, “The only thing more terrifying than this masterfully crafted story is the possibility of it actually happening—and not a damn thing being done to protect us.” --W.E.B. Griffin & William E. Butterworth IV, '""Forstchen\'s work has flair and p"
B01MPZM3FY|The Lying Game: A Novel|Kindle Edition|[  Literature & Fiction]|Ruth Ware|https://m.media-amazon.com/images/I/51YPwg1ZaiL.jpg|"[Review, '""Ware\'s third outing is just as full of psychological suspense as her earlier books, but there is a quietness about this one, a slower unraveling of tension and fear, that elevates it above her others...Cancel your plans for the weekend when you sit down with this book, because you won\'t want to move until it\'s over."" (Kirkus Reviews, Starred Review)“Ware masterfully harnesses the millhouse’s decrepit menace to create a slow-rising sense of foreboding, darkening Isa’s recollections "
B07NL5VP9J|One Good Deed (An Archer Novel Book 1)|Kindle Edition|[  Literature & Fiction]|No Disponible|https://m.media-amazon.com/images/I/51oxNo6r0TL.jpg|[]
B015QGBSLM|Thirty-Five and a Half Conspiracies (Rose Gardner Mystery Book 11)|Kindle Edition|[  'Mystery, Thriller & Suspense']|Denise Grover Swank|https://m.media-amazon.com/images/I/41EEOWtDHRL.jpg|[About the Author, New York Times, ',', Wall Street Journal, ', and', USA Today, 'bestselling author Denise Grover Swank has released over thirty novels and novellas and has sold over two million books. She writes mysteries with romance, humorous romance, light-hearted young adult romance, and urban fantasy. She lives in Blue Springs, Missouri with her three naughty dogs and six imaginative children. You can find out more about Denise at denisegroverswank.com.']
B00INCFT80|The Lore of the Evermen: The Evermen Saga, Book 4|Kindle Edition|[  Literature & Fiction]|James Maxwell|https://m.media-amazon.com/images/I/51LVHNXzszL.jpg|[About the Author, 'James Maxwell grew up in the scenic Bay of Islands, New Zealand, and was educated in Australia. Devouring fantasy and science-fiction classics from an early age, his love for books translated to a passion for writing, which he began at the age of eleven.', 'Inspired by the natural beauty around him but also by a strong interest in history, he decided in his twenties to see the world. He relocated to London and then to Thailand, Mexico, Austria, and Malta, developing a lifelon
B01KGZVTOE|Eleanor Oliphant Is Completely Fine: A Novel|Kindle Edition|[  Literature & Fiction]|Gail Honeyman|https://m.media-amazon.com/images/I/51EG4IblfoL.jpg|"[Review, “A charmer. . . satisfyingly quirky.”, '—Janet Maslin,', The New York Times, '""This wacky, charming novel. . . draws you in with humor, then turns out to contain both a suspenseful subplot and a sweet romance. . . Hilarious and moving.""', —, People, '“Eleanor Oliphant is a quirky loner and a model of efficiency with her routine of frozen pizza, vodka and weekly phone calls with Mummy. [She’s] a woman beginning to heal from unimaginable tragedy, with a voice that is deadpan, heartbreakin"
B0088A0XQK|A Fall of Water: An Elemental Vampire Fantasy Novel (Elemental Mysteries Book 4)||[  Romance]|Elizabeth Hunter|https://m.media-amazon.com/images/I/51DDo-fefCL.jpg|[Review, 'I\'ve decided that anything that Elizabeth Hunter writes, I\'m going to read. She really knows how to unwind a story with perfect timing and as they say in the music world - perfect pitch. Beautiful love story, beautiful friendships, intense mystery and drama. I give this book a five star rating! --', Scandalicious Book Reviews, 'A brilliant series finale for Ms. Hunter. I love the complexity, mystery, and subterfuge woven throughout the story. The cast of characters was as strong as e
B00PUW4J50|A Crime of Passion: A Legal Thriller (Joe Dillard Series Book 7)|Kindle Edition|[  Literature & Fiction]|Scott Pratt|https://m.media-amazon.com/images/I/51Y50dwvaoL.jpg|[From the Author, SCOTT PRATT, is a, Wall Street Journal, 'bestselling author whose books have sold more than five million copies. He was born in South Haven, Michigan, and grew up in Jonesborough, Tennessee. He was a veteran of the United States Air Force and earned a Bachelor of Arts degree in English from East Tennessee State University and a Doctor of Jurisprudence from the University of Tennessee.', BOOKS IN THE JOE DILLARD SERIES, An Innocent Client, An Innocent Client, In Good Faith, In G
B00K6N75LS|The Murder Pit (A Moose River Mystery Book 1)|Kindle Edition|[  'Mystery, Thriller & Suspense']|Jeff Shelby|https://m.media-amazon.com/images/I/513CUhXjeqL.jpg|[]
B007ZDKDS4|Dead Weight (Lizzy Gardner Series, Book 2)|Kindle Edition|[  'Mystery, Thriller & Suspense']|T.R. Ragan|https://m.media-amazon.com/images/I/41lgGl-dcwL.jpg|[About the Author, 'New York Times and USA Today bestselling author Theresa Ragan, mother of four, lives with her husband in Sacramento, California. In 2012, shesigned with Thomas & Mercer and has sold 1.8 million books. Besideswriting thrillers under the name T.R. Ragan (including the Lizzy Gardner novels Abducted, Dead Weight, A Dark Mind, Obsessed, Almost Dead, andEvil Never Dies), Theresa also writes medieval time travels,contemporary romance, and romantic suspense. Furious is the first nove
B00E2VJVGW|Thief (Love Me With Lies Book 3)|Kindle Edition|[  Romance]|Tarryn Fisher||[About the Author, 'Tarryn Fisher was born in Johannesburg, South Africa. She currently resides near Seattle with her family. She writes and reads more than she sleeps and has a wicked coffee addiction.']
B00267T89E|The List (The Konrath Dark Thriller Collective Book 1)|Kindle Edition|[  'Mystery, Thriller & Suspense']|No Disponible||[]
B00FFFNA1Q|Shadow Spell (The Cousins O'Dwyer Trilogy, Book 2)|Kindle Edition|[  Literature & Fiction]|Nora Roberts|https://m.media-amazon.com/images/I/51jmXP4o6nL.jpg|[Review, Praise for Nora Roberts, “America’s favorite writer.”—, The New Yorker, '“When it comes to true romance, no one does it better than Nora.”—', Booklist, '(starred review)', About the Author, Nora Roberts is the #1 New York Times bestselling author of more than 200 novels. She is also the author of the bestselling futuristic suspense series written under the pen name J. D. Robb. There are more than 400 million copies of her books in print., --This text refers to an alternate, kindle_editi
B07QF3KCPV|No Perfect Hero (Heroes of Heart's Edge Book 1)|Kindle Edition|[  Literature & Fiction]|Nicole Snow|https://m.media-amazon.com/images/I/518qurkFQWL.jpg|"[Review, 'Praise for No Perfect Hero:', '""Snappy dialogue, real relationships, action, and intrigue. It\'s got everything, babes."" -Lisa, Reviewer', '""Dreams do come true...Nicole Snow has written an amazing slow burning romance that will have you self-combusting."" -Linda, Reviewer', '""It\'s packed full with action, romance...and enough push and pull to have any reader cheering for more."" -Elysian, Reviewer', '""I love how Nicole gives these memorable names and such smart and seductive writing th"
B000FC10S4|Bel Canto|Kindle Edition|[  Literature & Fiction]|Ann Patchett|https://m.media-amazon.com/images/I/411yswXiYYL.jpg|[From, AudioFile, 'Mixing art and politics can have unexpected results, but rarely are they so poignant. A birthday party is held for a Japanese CEO in an anonymous Spanish-speaking country. World-class lyric soprano Roxane Coss is the irresistible bait for the opera-loving Mr. Hosokawa. As she finishes singing, terrorists burst in and take everyone hostage. So begins a four-and-a-half-month siege, during which friendships and love grow between guests and gunmen. Anna Fields offers up each momen
B087BGVNRP|The Silent Daughter (Claire Amarti Book Club Reads)|Kindle Edition|[  Literature & Fiction]|Claire Amarti|https://m.media-amazon.com/images/I/51p53YWLCSL.jpg|[Review, Review]
B00DA9PX0A|To All the Boys I've Loved Before|Kindle Edition|[  'Children\'s eBooks']|Jenny Han|https://m.media-amazon.com/images/I/51Tye4pya9L.jpg|"[Amazon.com Review, 'Jenny Han\'s To All the Boys I\'ve Loved Before Playlist', 'For every book I write, I create a playlist that I go back to again and again to help transport me into the story and into the main character\'s mindset. The To All the Boys playlist is a blend of songs that Lara Jean would listen to, songs that remind me of her, and songs that score certain scenes in my head.', 'Playlist:', '1. ""Please Speak Well of Me"" by The Weepies: I came back to this song again and again becau"
B00TG1CZFC|The Deal (Off-Campus Book 1)|Kindle Edition|[  Literature & Fiction]|Elle Kennedy|https://m.media-amazon.com/images/I/51mqTJgNBFL.jpg|"[Review, '""ElleKennedy engages your senses from the very first sentence! Both deliciouslysteamy and heart-achingly tender, The Deal is an absolute winner!"" -', 'Katy Evans, New York Times bestselling author', '""Elle has masterfully captured the feelings, the romance and the unbridledsexiness of the New Adult genre with this book! You will swoon for Garrett!""-', 'Alice Clayton, New York Times bestselling author of WALLBANGER', '""I loved this book! Garrett is dreamy. If you love NA, you must read "
B07P9QFQH4|The Last Agent (Charles Jenkins Book 2)||[  Literature & Fiction]|Robert Dugoni|https://m.media-amazon.com/images/I/41ArWOENfcL.jpg|[Review, “, The Last Agent, 'brings Robert Dugoni’s latest stellar protagonist Charles Jenkins back to the page with spectacular results…More known for his psychological and legal thrillers, [Dugoni] seems to be channeling his inner Daniel Silva, or even John le Carre, here. That’s because the latest escapade in which Jenkins becomes embroiled sees him returning to his former spy haunts in Russia, literally going back into the cold as opposed to coming in from it…Espionage writing doesn’t get an
B004W3IEI6|The Baker's Daughter: A Novel|Kindle Edition|[  Literature & Fiction]|Sarah McCoy|https://m.media-amazon.com/images/I/517YZ6QFlBL.jpg|[About the Author, SARAH MCCOY, is the, New York Times, bestselling author of the novel, The Time It Snowed in Puerto Rico., 'She has taught at Old Dominion University and at the University of Texas at El Paso. The daughter of an Army officer, McCoy spent her childhood in Germany. She currently lives with her husband in El Paso, Texas. Visit her at SarahMcCoy.com', --This text refers to the, paperback, edition., Review, '“Replete with raw emotion and suspense,', The Baker’s Daughter, is a fascin
B0061C1N5W|Wicked Business: A Lizzy and Diesel Novel (Lizzy & Diesel Book 2)|Kindle Edition|[  'Mystery, Thriller & Suspense']|Janet Evanovich|https://m.media-amazon.com/images/I/51rUUq96UTL._SY346_.jpg|[Review, Praise for Janet Evanovich, '“No less than her plotting, Evanovich’s characterizations are models of screwball artistry. . . . The intricate plot machinery of her comic capers is fueled by inventive twists.”', —, The New York Times, '“[Evanovich’s novels are] among the great joys of contemporary crime fiction.”', —GQ, --This text refers to the, mass_market, edition., About the Author, Janet Evanovich, is the #1, New York Times, 'bestselling author of the Stephanie Plum series, the Lizzy
B081Y4HFXG|Camino Winds|Kindle Edition|[  'Mystery, Thriller & Suspense']|John Grisham|https://m.media-amazon.com/images/I/51BURuaAQHL.jpg|"[Review, '""Escapist entertainment...with elements of a more traditional Grisham thriller.""–Janet Maslin,', The New York Times, '“A cat-and-mouse caper…Mr. Grisham is an irresistible writer. His prose is fluent and gorgeous, and he has an ability to end each segment with a terse sentence than makes it all but impossible not to turn the page.”–', Pittsburgh Post-Gazette, From the Artist, John Grisham, --This text refers to the, audioCD, edition., Review, '“In American icon John Grisham’s new novel"
B00H6EOMU2|Save the Date: A Novel|Kindle Edition|[  Literature & Fiction]|Mary Kay Andrews|https://m.media-amazon.com/images/I/41i1sCczwJL.jpg|[About the Author, MARY KAY ANDREWS is, The New York Times, bestselling author of, 'Ladies\' Night', ',', Spring Fever, ',', 'Summer Rental,', 'The Fixer Upper, Deep Dish, Blue Christmas, Savannah Breeze, Hissy Fit, Little Bitty Lies,', and, Savannah Blues., A former journalist for, 'The Atlanta Journal Constitution,', 'she lives in Atlanta, Georgia.', --This text refers to an out of print or unavailable edition of this title., From, Booklist, 'The latest charming summer romance from best-sellin
B008K881HS|Seductive Secrets: A Historical Romance Novel (Secret Lives Book 1)|Kindle Edition|[  Literature & Fiction]|Colleen Connally|https://m.media-amazon.com/images/I/51Aha--oSlL.jpg|[From the Author, 'Seductive Secrets is the first book in The Secret Lives Series. Each book in the series tells a story of a woman who has been forced by circumstance to live a life that is not her own. Set after the American Revolution, Alyce Hythe has taken a name that isn\'t her own. Her father died a traitor to the Crown, but Alyce knows different and will risk her life to prove it.', From the Inside Flap, 'COFFEE TIME ROMANCE & MORE CTRR Award- I positively enjoyed Seductive Secrets. Colle
B005GG0MBU|The Orchid House: A Novel|Kindle Edition|[  Literature & Fiction]|Lucinda Riley||"[About the Author, Lucinda Riley was the, New York Times, 'bestselling author of over twenty novels, including', The Orchid House, ',', The Girl on the Cliff, ', and the Seven Sisters series. Her books have sold twenty million copies in thirty-five languages globally. She was born in Ireland and divided her time between England and West Cork with her husband and four children. Visit her website at LucindaRiley.com.', Review, '""A sweeping, poignant saga that will enthrall fans of', 'The House at "
B083YYT6GD|The Enigma Cube (Alien Artifact Book 1)|Kindle Edition|[  'Mystery, Thriller & Suspense']|No Disponible||[]
B072LT1XT5|The Wedding Date|Kindle Edition|[  Literature & Fiction]|No Disponible||[]
B098NHZPWY|Run, Rose, Run: A Novel|Kindle Edition|[  Literature & Fiction]|Dolly Parton|https://m.media-amazon.com/images/I/41hXhURLGkL._SY346_.jpg|[About the Author, Dolly Parton, 'is a singer, songwriter, actress, producer, businesswoman, and philanthropist. The composer of more than 3,000 songs, she has sold over 100 million records worldwide, and has given away millions of books to children through her nonprofit, Dolly Parton’s Imagination Library.', James Patterson, 'is the world\'s bestselling author. The creator of Alex Cross, he has produced more enduring fictional heroes than any other novelist alive. He lives in Florida with his f
B007GSU1LC|The Keepers of the House|Kindle Edition|[  Literature & Fiction]|Shirley Ann Grau|https://m.media-amazon.com/images/I/51d3BrqROPL.jpg|[Review, “A beautifully written book.” —, The Atlantic Monthly, '“Shirley Ann Grau is one of those rare writers who creates a world, draws the reader into it, and makes [the reader] somehow happy there no matter what goes on . . .” —', Newsweek, “Her best novel.” —, Saturday Review, About the Author, 'Shirley Ann Grau (b. 1929) is a Pulitzer Prize–winning novelist of nine novels and short story collections, whose work is set primarily in her native South. Grau was raised in Alabama and Louisiana
B00OR549DS|The Viscount's Tempting Minx: Regency Romance Novella (Dukes of War Book 1)|Kindle Edition|[  Literature & Fiction]|Erica Ridley|https://m.media-amazon.com/images/I/51k88z+2SWL.jpg|"[Review, '""A splendid introduction to an upcoming series--absolutely delightful!""', -- Fresh Fiction, '""Spend the whole book with a silly smile on your face.""', -- Paperback Wonderland, From the Author, 'Visit EricaRidley.com for freebies, exclusive content, and 99¢ specials!', From the Inside Flap, The Dukes of War, 'is a witty, emotional historical romance series featuring roguish peers and dashing war heroes who return from battle only to be thrust into the splendor and madness of Regency Eng"
B004WPP8YW|One, Two ... He is coming for you (Rebekka Franck, Book 1)|Kindle Edition|[  Literature & Fiction]|Willow Rose|https://m.media-amazon.com/images/I/51F4LsJ17cL.jpg|[Review, Readers love this series - over 4000 reviews of 5* and 4* on Amazon and Goodreads!!!, 'WHAT PEOPLE ARE SAYING ABOUT THE REBEKKA FRANCK-SERIES:', '\'It grips you from the beginning and doesn\'t let go until the end.\'', - Wine Relaxation and my Kindle, '\'It was an entertaining read and most importantly, Willow Rose created characters that I connected with and cared about.\'', '- 2Book Lovers  \'...', 'kept me awake long into the night even when I had to be early to my office the followi
B004R1Q6B0|Tahoe Deathfall (An Owen McKenna Mystery Thriller Book 1)|Kindle Edition|[  'Mystery, Thriller & Suspense']|Todd Borg|https://m.media-amazon.com/images/I/51PQg9QSTLL.jpg|[From Publishers Weekly, 'In another debut novel, Todd Borg\'s Tahoe Deathfall, first in the Owen McKenna series, a six-year-old girl falls to her death during a hike. Eight years later, her heiress twin sister hires P.I. McKenna to investigate the death. He discovers some skeletons in the family\'s closet, the likes of which he\'s never encountered, not to mention some pending murder plots. ) Copyright 2001 Reed Business Information, Inc.', --This text refers to the, paperback, edition., Review
B08B7V6CQ8|Klara and the Sun: A novel|Kindle Edition|[  Literature & Fiction]|Kazuo Ishiguro|https://m.media-amazon.com/images/I/415TwFVnGLL.jpg|[Review, A, NEW YORK TIMES, NOTABLE BOOK •, A BOOKER PRIZE NOMINEE, •, GOOD MORNING AMERICA, Book Club Pick, •, 'ONE OF PRESIDENT OBAMA\'S FAVORITE BOOKS OF THE YEAR', •, 'ONE OF BILL GATES\'S FAVORITE BOOKS OF THE YEAR', •, 'ONE OF THE BEST BOOKS OF THE YEAR:', 'The New York Times, Time,', NPR, ', Washington Post, Vogue', ',', 'USA Today, Town & Country, The Guardian, Vulture', ', and more', “, 'One of the most affecting and profound novels Ishiguro has written….I\'ll go for broke and call', Kl
B01IH81XTI|All the Breaking Waves: A Novel|Kindle Edition|[  Literature & Fiction]|Kerry Lonsdale|https://m.media-amazon.com/images/I/51F1VjSgblL.jpg|[Review, 'An Amazon Best Book of the Month: Literature & Fiction Category', A Liz & Lisa Best Book of the Month, A Top 100 Kindle Bestseller of 2017, '“Blending elements of magic and mystery,', All the Breaking Waves, 'is a compelling portrayal of one mother’s journey as she grapples with her small daughter’s horrific visions that force her to confront a haunting secret from her past. Examining issues of love, loss, and the often-fragile ground of relationships and forgiveness, this tenderly tol
B007TBSL9U|Immune (The Rho Agenda Book 2)|Kindle Edition|[  Science Fiction & Fantasy]|Richard Phillips|https://m.media-amazon.com/images/I/510fRoztCUL.jpg|"[Review, A second volume that stands alone - brilliantly, '""Richard Phillips has led such a life that he absolutely nails the science aspect of this new sci-fi classic - and yet also gets the action and the political aspects exactly right as well. Speaking as an old sci-fi writer myself, I know how hard it is to do what Phillips has done.  But here\'s the clincher. Reading on my Nano, I began this book without remembering that this was volume two of the Rho Agenda series. Within a few chapters I"
B0192CTMW8|Harry Potter and the Chamber of Secrets|Kindle Edition|[  Teen & Young Adult]|J.K. Rowling||[Review, ., Amazon.com Review, 'What makes the Harry Potter series so successful? Maybe it\'s the fact that J.K. Rowling doesn\'t write children\'s books, she writes children\'s stories, more in the tradition of the Brothers Grimm than Dr. Seuss. The exploits of Harry and his friends captivate even the shortest attention spans by engaging the imagination with vivid characters and fast-moving action, instead of trying to merely catch the eye with colorful pictures or pop-up effects. Not surprisin
B075C9TMR1|Burn Bright (Alpha and Omega Book 5)|Kindle Edition|[  Romance]|Patricia Briggs|https://m.media-amazon.com/images/I/51I9-IP+9AL.jpg|[Review, Praise for, Dead Heat, '“Anna is such a great heroine...There’s enough action to keep me on the edge of my seat and enough humor to give readers a break.”—USATODAY.com   “An amazing character-driven addition to an already excellent UF series.”—Fresh Fiction   “Grade: A. A definite recommend.”—Dear Author﻿   “Gripping and intense,', Dead Heat, is everything an urban fantasy novel should be — it doesn’t get better than this!”—, RT Book Reviews, '“Briggs offers the complete package, a book
B06XWDGVT1|Sleeping Beauties: A Novel|Kindle Edition|[  'Mystery, Thriller & Suspense']|Stephen King|https://m.media-amazon.com/images/I/51JALP1pBsL.jpg|[Review, '“Stephen King and son team up for a beauty of a horror tale [that is] epic, ambitious, heartbreaking and, when it comes to its central horrors, all too timely.', Sleeping Beauties, 'melds the elder King’s talent for exploring the darker sides of human nature when people are thrust into terrifying situations with his youngest son’s gift for juggling multiple genres and complex characters. The final chapters bring all their skills together in a fast-paced, explosive finale and emotional 
B01N6I15K9|Black Obsidian|Kindle Edition|[  Literature & Fiction]|Victoria Quinn|https://m.media-amazon.com/images/I/41wXmMM0N7L.jpg|"[Review, '""LOVED this. Add it to your must-reads!""', -Dorsey Goodreads, '""Calloway makes Christian look like Mr. Rogers. And Rome? She makes Anastasia look like a doormat.""', -Amazon Reviewer, '""If you want to read a better-written version of 50 shades, read this. You\'ll have fun. I promise.""', -Abbigail Holmes Amazon Reviewer, '""Heroine may be vanilla, but she\'s a freakin\' volcano!""', -Null Amazon Reviewer, '""Did Black Obsidian remind me of Fifty Shades of Grey? Yes, yes it did. But Grey cou"
B07D5FT7FS|The Opening Chase: A Chase Fulton Novel (Chase Fulton Novels Book 1)|Kindle Edition|[  Literature & Fiction]|Cap Daniels|https://m.media-amazon.com/images/I/51YJZQCtEaL._SY346_.jpg|"[Review, '""Extremely impressive for a first book, but it would be impressive anyway"" --Dawn Lee McKenna, Best-selling author of the Forgotten Coast Florida Suspense Novels ""Vince Flynn\'s New Heir Apparent?"" --Wayne Stinnett, Best-selling author of the Jesse McDermitt Caribbean Adventure Series ""A Dangerous, Mortally Serious, and Astonishing Woman Chases Him. You will be hard pressed to find anything NOT to like about this spy, adventure, romance thriller on the high seas!"" --Susan1, Amazon Top "
B07K1VVC5W|That Second Chance (Getting Lucky Book 1)|Kindle Edition|[  Literature & Fiction]|Meghan Quinn|https://m.media-amazon.com/images/I/51-4XOQGRvL.jpg|[Review, '“With each book I read by Meghan Quinn, I become more in awe of her writing talent. She truly has a gift!', That Second Chance, was simply perfect!…”, —, Wrapped Up In Reading, '“…a sweet, sexy, swoon-worthy, MUST READ romance from Meghan Quinn, and I would HIGHLY recommend it! I fell head over heels in love with the quaint and charming small town of Port Snow, Maine, and all of its residents…”', —, The Romance Bibliophile, “…I’m basking in the HEA goodness of, That Second Chance, ', w
B087PL9QKL|Charlotte|Kindle Edition|[  Literature & Fiction]|JS Anthony|https://m.media-amazon.com/images/I/411kTjDIlPL.jpg|[]
B094XD7VYW|The Society #StalkerProblems|Kindle Edition|[  Literature & Fiction]|Ivy Smoak|https://m.media-amazon.com/images/I/41ilNMStymS.jpg|[About the Author, 'Ivy Smoak is the Wall Street Journal, USA Today, and Amazon #1 bestselling author of The Hunted Series. Her books have sold over 2 million copies worldwide.When she\'s not writing, you can find Ivy binge watching too many TV shows, taking long walks, playing outside, and generally refusing to act like an adult. She lives with her husband in Delaware.', --This text refers to the, paperback, edition.]
B07RXD1SJY|Faking Ms. Right: A Hot Romantic Comedy (Dirty Martini Running Club Book 1)|Kindle Edition|[  Romance]|Claire Kingsley|https://m.media-amazon.com/images/I/41hEft+JDQL.jpg|"[Review, '""The chemistry between the two is scorching; I\'m shocked my kindle didn\'t burst into flames while reading this one!""', '~Alex the Book Junkie, Blogger ★★★★★', '""This was my first time reading a book by this author and I am happy to say I think I might\'ve found a new favorite rom-com author. This was the perfect blend of super steamy, cute and funny.""', '~Shelby, Goodreads Reviewer ★★★★★', '""Shepherd and Everly are two of the most fun, entertaining and charming couples I\'ve ever rea"
B07W7BT2BL|Sorry I Missed You: A Novel|Kindle Edition|[  Literature & Fiction]|Suzy Krause|https://m.media-amazon.com/images/I/51U02ueRQnL.jpg|[Review, '“A high energy, feel-good story about the ghosts of our past and the importance of human connections.”', —, Kirkus Reviews, “, Sorry I Missed You, 'is so quirky and original, full of humor, wit, and warmth. I loved how three such different women forged a genuine friendship—and of course, that mystery. A real page-turner.”', '—Josie Silver,', New York Times, bestselling author of, One Day in December, '“A quirky, original story about unexpected friendship and the power of hope,', Sorry 
B00V8SIOII|The Isles of Elysium (Purge of Babylon, Book 6)|Kindle Edition|[  Literature & Fiction]|Sam Sisavath|https://m.media-amazon.com/images/I/51HU50oImUL.jpg|[From the Author, ...]
B0050ON37S|The Secret (Highlands' Lairds Book 1)|Kindle Edition|[  Romance]|Julie Garwood|https://m.media-amazon.com/images/I/51WTyiAUPqL.jpg|[Review, Praise for #1, New York Times, Bestselling Author Julie Garwood, '“[Garwood] attracts readers like beautiful heroines attract dashing heroes.”—', USA Today, “Julie Garwood creates masterpieces every time she writes a book.”—, The Kansas City Star, “The talented Ms. Garwood keeps you enthralled.”—Rendezvous, About the Author, Julie Garwood, 'is among the most critically acclaimed—and popular—romance authors around, published in thirty-two languages worldwide with forty million copies of 
B09MCY9Y34|Keeper of Enchanted Rooms (Whimbrel House Book 1)|Kindle Edition|[  Science Fiction & Fantasy]|Charlie N. Holmberg||[Review, Praise for, Keeper of Enchanted Rooms, '“Filled with delightful period details and artfully shaded characters, this whimsical, thoughtful look at magic and its price is the perfect read for a cold fall night.”', —, Publishers Weekly, '“[R]eaders will be drawn in…”', —, Booklist, “Holmberg…has a deft hand portraying internal emotional responses…, Keeper of Enchanted Rooms, combines lighthearted entertainment and nail-biting excitement.”, —, Historical Novels Review, '“There are twists an
B019D70QIQ|The Girl You Lost: A gripping psychological thriller|Kindle Edition|[  Literature & Fiction]|Kathryn Croft|https://m.media-amazon.com/images/I/41eYy9hJGzL.jpg|[About the Author, 'Kathryn is the bestselling author of seven psychological thrillers and to date she has sold over one million copies of her books. Her third book, The Girl With No Past spent over four weeks at number one in the Amazon UK chart, and she has also appeared on the Wall Street Journal\'s bestsellers list.With publishing deals in thirteen different countries, Kathryn writes full time and is now hard at work on her eighth book. After twelve years living in London, she now lives in G
B07K3W1SGP|Heartbreak Warfare|Kindle Edition|[  Romance]|Kate Stewart|https://m.media-amazon.com/images/I/41uLml+FplL.jpg|[Review, 'Heartbreak Warfare is an angsty, well-crafted tale full of love, redemption and heartbreak and not to be missed. Kate and Heather slayed it! - LJ ShenHeartbreak Warfare is an emotional, gritty, and angst-filled love story that will rip your heart out, then hand it back to you in pieces while somehow leaving you grateful for the journey. Utterly unputdownable.--Emma Scott, bestselling author of the Beautiful Hearts DuetThis book left me absolutely speechless. Every page held my complete
B07JY7ZVBZ|The Orphan Sisters: An utterly heartbreaking and gripping World War 2 historical novel|Kindle Edition|[  Literature & Fiction]|Shirley Dickson|https://m.media-amazon.com/images/I/51P1txLIVRL.jpg|[About the Author, 'Shirley Dickson lives under the big skies of Northumberland, United Kingdom with her husband, family, and lucky black cat. She wrote her first short story at the age of ten for a childrens\' magazine competition. She didn\'t win but was hooked on writing for a lifetime. For many years she wrote poetry and short stories and got many rejection slips. Shirley decided to get serious about writing novels when she retired. She signed with Bookouture in 2018 for a two-book deal. She
B00X39J056|After Anna: The Top 10 Sunday Times best selling psychological crime thriller with a twist!|Kindle Edition|[  Literature & Fiction]|Alex Lake|https://m.media-amazon.com/images/I/51yTUpEp3dL.jpg|[Book Description, The No. 1 ebook and Top 10 Sunday Times best selling psychological crime thriller with a twist!, --This text refers to an alternate, kindle_edition, edition., Review, ‘A nail-biting psychological thriller … maintains high suspense to the very end’ Publishers Weekly, ‘Superbly crafted … will keep you up all night’ LizLovesBooks.com, ‘A novel that had me gripped from its opening paragraph … It certainly had me wanting more … An excellent novel’ TheWelshLibrarian.blogspot.com, ‘A
B08BNLPH6D|Brutal Prince: An Enemies To Lovers Mafia Romance (Brutal Birthright Book 1)|Kindle Edition|[  'Mystery, Thriller & Suspense']|Sophie Lark|https://m.media-amazon.com/images/I/51CcSwQD4RL.jpg|"[Review, '★★★★★ ""Sophie Lark has me spellbound with Aida and Callum\'s story... A little L.J. Shen with a bang!""', '★★★★★ ""SEXY, UNIQUE, AND EXPLOSIVE! You will not regret picking up this book! Aida is the spitfire that Callum never knew he wanted in his life, but boy does he learn quick. Along the way they must learn how to love each other, no mater the trials that are put between them.""', '★★★★★ ""Brilliant steamy enemies to lovers romance! I love reading Sophie\'s books, they\'ve always got th"
B0045JLR5Y|Mrs. Tuesday's Departure: A Heart-wrenching World War Two Family Saga|Kindle Edition|[  Religion & Spirituality]|Suzanne Elizabeth Anderson||"[Review, '""A study in character developement, Mrs. Tuesday\'s Departure is a mezmerizing historical fiction for WWII readers. Highly recommended!"" ~ The Kindle Book Review', '""A study in character developement, Mrs. Tuesday\'s Departure is a mezmerizing historical fiction for WWII readers. Highly recommended!""', ~ The Kindle Book Review, An excellent intricate tale that is impossible to put down. Every character comes to life chapter by a chapter. Recommend it highly ~digtheisland, An excellent "
B00RPSQAG8|Holy Island: A DCI Ryan Mystery (The DCI Ryan Mysteries Book 1)|Kindle Edition|[  Literature & Fiction]|LJ Ross|https://m.media-amazon.com/images/I/41OsaH4Js8L.jpg|"[Review, '""LJ Ross is the queen of Kindle""', -, The Sunday Telegraph, '(August 2015)', '""Holy Island is a blockbuster!""', -, The Daily Express, '(August 2015)', '""LJ Ross keeps company with the best mystery writers""', -, The Times, '(February 2017)', '""She burst like a comet onto the literary scene""', '-Culture Editor,', The Journal, '(October 2016)', '""A literary phenomenon!""', -, The Chronicle, '(October 2016) ""Stunning! A brilliant, modern-day murder mystery"" -', 'Relax and Read Book Reviews "
B07B6BRTJP|Pestilence (The Four Horsemen Book 1)|Kindle Edition|[  Science Fiction & Fantasy]|Laura Thalassa|https://m.media-amazon.com/images/I/51-+rlSlXOL._SY346_.jpg|[About the Author, 'Laura Thalassa is the author of over a dozen paranormal and fantasy romance novels. She fell in love with stories as a child and decided she never wanted to escape them. She lives in sunny southern California with her husband and children. When not writing, she can be found reading about lost civilizations, splashing with her kids in the Pacific, and hoarding chocolate for the apocalypse.', --This text refers to the, paperback, edition.]
B01FOIRU3C|Wasted Words: Inspired by Jane Austen's Emma (The Austens Series Book 1)|Kindle Edition|[  Romance]|Staci Hart|https://m.media-amazon.com/images/I/41FihbFXYwL.jpg|[Review, 'I adore ALL this authors books, but this one is my most FAV! 5 star read! -', 'Angie\'s Dreamy Reads', 'Cam and Tyler\'s story is like looking in a mirror and seeing your own truths. Beautiful, romantic, and as always, hilarious. Staci Hart must keep writing forever, because I\'m always awaiting her next read. 5 stars! -', Brittainy C. Cherry, 'It\'s perfection. If Jane Austen were alive, she\'d agree. -', USA Today Bestselling Author Lex Martin, 'Hart\'s storytelling is like sitting a
B0050PJZLK|The Housewife Assassin's Handbook (Housewife Assassin Series, Book 1)|Kindle Edition|[  Literature & Fiction]|Josie Brown||"[From the Author, 'OTHER BOOKS IN THE HOUSEWIFE ASSASSIN ROMANTIC SUSPENSE SERIES:', 'THE HOUSEWIFE ASSASSIN\'S HANDBOOK (Book 1)', 'Every desperate housewife wants an alias. Donna Stone has one, and it happens to be government-sanctioned. But when terrorism hits close to home, espionage makes for strange bedfellows--and brings new meaning to the old adage, ""Honey, I\'m home...""', 'THE HOUSEWIFE ASSASSIN\'S GUIDE TO GRACIOUS KILLING', '(Book 2)', 'On Donna\'s to-do list: First, exterminate a rog"
B00961VIIM|Feels Like the First Time: A True Love Story (Both Sides Now Book 1)|Kindle Edition|[  Biographies & Memoirs]|Shawn Inmon|https://m.media-amazon.com/images/I/51-tND2LD5L.jpg|"[Review, '""For women who don\'t think men are romantic, Shawn Inmon\'s ""true life love story"" will prove that isn\'t true. If nothing else, he\'s the exception that proves the rule. As much as I liked the love story, I also found the nostalgia in the first part of the story almost as much of a draw."" -', 'Big Al\'s Books and Pals', From the Author, Feels Like the First Time, 'is an intensely personal book for me.      In 2006, I ran into Dawn, my first love, completely by accident. At the time, "
B0047Y0FGY|Bossypants|Kindle Edition|[  Biographies & Memoirs]|Tina Fey|https://m.media-amazon.com/images/I/418ITtRuOeL.jpg|[Amazon.com Review, 'Amazon Best Books of the Month, April 2011', ': Tina Fey’s new book', Bossypants, 'is short, messy, and impossibly funny (an apt description of the comedian herself). From her humble roots growing up in Pennsylvania to her days doing amateur improv in Chicago to her early sketches on', Saturday Night Live, ', Fey gives us a fascinating glimpse behind the curtain of modern comedy with equal doses of wit, candor, and self-deprecation. Some of the funniest chapters feature the 
B00KQY2EC2|Voyage of the Heart|Kindle Edition|[  Literature & Fiction]|No Disponible|https://m.media-amazon.com/images/I/51lDP5xBIYL.jpg|[]
